"shoulder.girth","chest.girth","waist.girth","navel.girth","hip.girth","thigh.girth","bicep.girth","forearm.girth","knee.girth","calf.girth","ankle.girth","wrist.girth","weight","height","gender"
"106.2","89.5","71.5","74.5","93.5","51.5","32.5","26","34.5","36.5","23.5","16.5","65.6","174","1"
"110.5","97","79","86.5","94.8","51.5","34.4","28","36.5","37.5","24.5","17","71.8","175.3","1"
"115.1","97.5","83.2","82.9","95","57.3","33.4","28.8","37","37.3","21.9","16.9","80.7","193.5","1"
"104.5","97","77.8","78.8","94","53","31","26.2","37","34.8","23","16.6","72.6","186.5","1"
"107.5","97.5","80","82.5","98.5","55.4","32","28.4","37.7","38.6","24.4","18","78.8","187.2","1"
"119.8","99.9","82.5","80.1","95.3","57.5","33","28","36.6","36.1","23.5","16.9","74.8","181.5","1"
"123.5","106.9","82","84","101","60.9","42.4","32.3","40.1","40.3","23.6","18.8","86.4","184","1"
"120.4","102.5","76.8","80.5","98","56","34.1","28","39.2","36.7","22.5","18","78.4","184.5","1"
"111","91","68.5","69","89.5","50","33","26","35.5","35","22","16.5","62","175","1"
"119.5","93.5","77.5","81.5","99.8","59.8","36.5","29.2","38.3","38.6","22.2","16.9","81.6","184","1"
"117.1","97.7","81.9","81","98.4","60.5","34.6","27.9","38.9","40.1","23.2","16.2","76.6","180","1"
"123.5","99.5","82.6","82.5","95","58.5","38.5","30.4","39","38.4","24.3","18.2","83.6","177.8","1"
"116.5","103","85","94.5","103","59","33.5","29","40.5","40","26","18","90","192","1"
"113","99.6","85.6","89.2","98","59.1","35.6","29","35.8","36","21.5","16.6","74.6","176","1"
"107.5","101.5","78","89.5","95","57","36","29","34.5","35","22","16.5","71","174","1"
"112","104.1","82","84","97","56","34.5","29.5","39","35.7","24","17.5","79.6","184","1"
"112.2","100","88.3","93.5","105","65.8","37","28.8","40.9","41.7","24.2","17.8","93.8","192.7","1"
"120","93.8","73.6","74.9","90.1","54.1","31.2","26.9","36.4","35.6","22","17.1","70","171.5","1"
"109","98.5","78.5","86","94.5","55","34.5","28.5","38","36.5","23","18.5","72.4","173","1"
"118.5","104","87.3","88","101.1","59.5","37","30.5","39.8","42","26.5","18.8","85.9","176","1"
"116","100","92","91","98","57.5","32","27.6","37.5","35.2","21","17.3","78.8","176","1"
"111","100","80","83.7","99.5","57","37","30","37.5","35.5","23","18","77.8","180.5","1"
"117.7","99","74.5","75.9","92.2","53.4","31.2","26.9","36.2","33.3","23.5","16","66.2","172.7","1"
"123.9","101","90.6","89.6","101.2","59.5","37","28.3","35.4","40.6","22.9","17","86.4","176","1"
"120.6","101.6","81.4","81.6","98.8","61.3","39.4","31.9","38.5","41.2","22.8","18.2","81.8","173.5","1"
"129.5","108.8","89.5","89.5","106","59.5","37.5","30.1","39.9","41.5","23.5","19","89.6","178","1"
"115","100","85","94.5","105","62","35.5","28.5","38","40","23.5","16.7","82.8","180.3","1"
"116","88","73.5","77.7","97","56.3","32.5","27.8","39","38.2","23.5","17.8","76.4","180.3","1"
"107.8","88.7","75.8","83","89","52.6","31.2","26.5","37","37.4","21.5","16.5","63.2","164.5","1"
"100.2","84.5","74","81","93.5","50.5","27.5","24.8","34","32.8","21","15.6","60.9","173","1"
"113","93.6","77.5","82.1","95","56.5","32.8","26.2","37.6","36.3","21","16.6","74.8","183.5","1"
"117.9","105","74","72","90","54.2","34.1","28.6","36.2","36.6","22.4","17.2","70","175.5","1"
"112.5","90.9","74","78.8","96.4","51.8","29.8","27","36.4","34.6","22.9","17","72.4","188","1"
"110.5","91.2","82","89.5","100","57.5","32.8","28","40.7","40.1","24.3","17.2","84.1","189.2","1"
"112","98.4","73","83","95.4","56.3","36.4","27.5","37.2","34.5","21.8","16.9","69.1","172.8","1"
"104","85","70.5","84","90","50","29","26","36","34.5","21.5","17","59.5","170","1"
"114.8","97.2","75","77.2","91.3","49.5","31","26.1","36.3","35.1","21","17","67.2","182","1"
"108","91.5","72.1","79.2","91","54.9","29.5","24.5","36.1","37.2","22.9","16","61.3","170","1"
"111.2","91.2","78.8","78","93.2","55.8","31.9","27.4","36.4","35.1","23","16.8","68.6","177.8","1"
"118.3","101.1","77.5","78","97","55","37.7","29.9","38.3","39.6","23.3","18.7","80.1","184.2","1"
"115.2","104.3","91.5","93.2","103.9","62","36.3","29","36.7","39.4","23.1","17.6","87.8","186.7","1"
"129.9","110.8","84.9","83","102.6","66.4","42.3","30.9","37","37.7","22.6","17.5","84.7","171.4","1"
"112.9","96.3","79.1","78.3","97.1","60.1","35.5","28.8","36.9","38.2","23.4","16.7","73.4","172.7","1"
"112.2","102.7","77.9","77.9","90.7","56.7","35.4","28.3","35.6","35.5","22.9","17","72.1","175.3","1"
"117.1","103.9","91.7","89.4","101.8","61","35.7","29.4","37.7","40","22.2","17.9","82.6","180.3","1"
"118.7","105.6","86.6","87.3","103.9","63.2","37.8","29.7","39","40.2","24.3","18.9","88.7","182.9","1"
"109.2","95.8","84.7","84","101.4","60","35","28.5","38.4","37.9","23.2","16.8","84.1","188","1"
"128.1","111.2","90.3","93.5","108.7","66.9","40.2","32.4","39.2","40.1","25.7","17.7","94.1","177.2","1"
"113.3","100","79.7","87.1","98.4","61.1","36.3","28.6","34.5","36.1","21.4","16.3","74.9","172.1","1"
"108.4","91.6","73.1","75.4","86.5","50.6","30.8","26.1","31.7","33.6","20.3","15.8","59.1","167","1"
"118.7","108","79.8","82.5","94.8","58.3","39.8","29.6","34.2","38.1","21.1","16.9","75.6","169.5","1"
"126.3","109.6","81.6","86.5","100.9","61.7","39.5","31.7","38.8","36.5","22.7","17.9","86.2","174","1"
"124.2","105.7","76.8","83.4","98","56.8","37.9","30.9","35.9","38.3","23.4","17.3","75.3","172.7","1"
"126.7","109.1","85.9","90.4","100.9","61.3","40.1","30","36.8","38.6","21.9","16.4","87.1","182.2","1"
"103.3","88.8","73.3","77.9","85.7","46.9","30.5","24.8","31.1","30.5","19","15","55.2","164.1","1"
"101.2","86.1","69.9","67.4","84.1","50.8","31.5","26.6","32.8","36.3","20","15.8","57","163","1"
"104.3","91.3","72.7","83.2","91.4","51.2","27.8","26","34.8","34.7","21.1","15.3","61.4","171.5","1"
"113.2","100.6","82.7","83.5","98","55.8","33.1","28","37.9","39.1","23.2","17.7","76.8","184.2","1"
"121.9","105.5","90.1","89.2","104.5","62.7","36.3","29.6","38.4","42.4","25.3","17.5","86.8","174","1"
"113.1","97.5","82.9","83.6","95.8","52.6","34.5","27","35.2","35.2","21.4","16.5","72.2","174","1"
"108.5","94.4","77.9","79","91.7","57.1","31.2","27.5","36.6","37.5","21.6","16.1","71.6","177","1"
"113.9","99.6","92.5","96.2","103.4","58.5","34.5","28.4","38.4","38","22.4","17.2","84.8","186","1"
"112.6","98.1","77.8","77.2","90","52.4","33.2","26.4","34.2","36","21.8","17.5","68.2","167","1"
"110.2","93.6","72.7","77.3","91.7","51.9","32.1","27.4","33.5","33.8","21.1","16.9","66.1","171.8","1"
"108.7","93.4","75","79.2","94","53.8","34.2","27.9","36.1","36.2","22","17.5","72","182","1"
"104","92","76","83","93","54.5","29.5","26","37","34.5","22.8","17.4","64.6","167","1"
"115.2","99.2","82.7","84.2","93","56.6","32.4","27.6","35.8","36.3","21.8","16.7","74.8","177.8","1"
"111.9","97.6","80","85.7","97.4","57.8","33.8","28.6","36.2","37.4","22","17.2","70","164.5","1"
"127","108.8","107.1","107.2","108.3","67","39.6","30.6","40","39.6","24.6","17.7","101.6","192","1"
"111.2","91.9","76.2","78.1","90","52","30.7","25.8","34.8","32.6","21","16.1","63.2","175.5","1"
"122","105.2","90.2","88.6","100.2","60.8","35.7","29.4","39.2","39.1","24.5","17.9","79.1","171.2","1"
"114.5","98.3","89.4","87.4","97.7","54.8","31","26","36.4","35.6","21.6","16.6","78.9","181.6","1"
"109.5","92.5","80.9","78.5","96","59","31.5","26.3","36.1","39","21.2","15.6","67.7","167.4","1"
"110.8","92.5","73.5","76.4","92","53.1","30.6","27.1","36","36","23.8","17.5","66","181.1","1"
"118.8","101.6","70.9","76.7","95.3","56","36","28.6","36","34","22","17","68.2","177","1"
"108","94.6","76.1","78","86.3","52.4","28.6","23.9","34.5","37.9","22.7","15.8","63.9","174.5","1"
"114.3","92.5","81","85.2","92.5","54.7","32.3","26.8","35.8","37.6","21.1","15.8","72","177.5","1"
"105.4","88.2","72","72","85.5","50.2","28.6","24.8","34.9","35.1","20.1","15.4","56.8","170.5","1"
"115","91","76.8","80","94.5","54.6","33.2","28","37.5","35.6","22.1","16.3","74.5","182.4","1"
"119.5","106","86","92","103","60.6","34","29.8","38.8","39.5","23.6","18","90.9","197.1","1"
"130","115","98.5","106.6","116.5","67.8","35.8","27.2","38","41.2","23.3","16","93","180.1","1"
"113.3","100","79","82.5","98.5","62.1","34","28.8","39.6","40.8","25.9","18","80.9","175.5","1"
"113.2","94.7","77.5","80.5","92","54.2","30.9","26.6","36.5","35.8","21.3","16.5","72.7","180.6","1"
"106.9","92.5","75.2","80.2","91.6","49.6","29.2","26.1","36.2","35.7","22.1","16.7","68","184.4","1"
"113.8","96.7","82","82.2","92.7","54.6","32","27.1","35.6","36.4","20.7","16.2","70.9","175.5","1"
"117.3","97.4","79.6","80.8","95","54.2","32.6","27.4","36.5","38","21.6","16.6","72.5","180.6","1"
"124.2","106.7","75.2","77.8","94.5","57.4","36.7","29.9","38.1","36","22.6","17.3","72.5","177","1"
"123","106.2","88.6","88.3","100.5","63.4","36.9","29.4","38.4","38.6","23.1","17.3","83.4","177.1","1"
"117.8","103.6","81.5","83.3","91.8","55","33","27.8","35.4","36.5","21.9","16.4","75.5","181.6","1"
"118.8","98.3","79.9","82.4","87.5","54.4","33.5","27.3","36.8","37.9","22.3","16.6","73","176.5","1"
"112","87.8","73.5","77.5","94.9","53.5","34.3","28.5","36.5","35.2","22","17","70.2","175","1"
"113","99.8","80.3","80.8","93","55.4","33.3","28","36","37.8","20.3","16.5","73.4","174","1"
"116","104.6","81.5","85","92","54.1","33","28","35.1","35.2","21.1","16.3","70.5","165.1","1"
"112.8","86.5","74","76.5","91.3","53.5","30.5","26.1","36.6","38.6","21.2","16","68.9","177","1"
"125","110","104","99","111.7","63.2","37.5","29","41.2","39.3","24.6","18.6","102.3","192","1"
"108.3","93.2","76.2","83.8","92.8","55.2","31.2","26.2","36.8","37.7","22.7","16.2","68.4","176.5","1"
"108.2","90","76.5","77.7","91.2","54.2","33.1","27.2","35.5","35.3","21.5","16.2","65.9","169.4","1"
"113","98.4","81","80.5","96.2","56","32","27.4","37","35.5","24","16.5","75.7","182.1","1"
"115","107.2","88.8","86.8","100","61","34.6","27.9","38","39.4","23.2","17","84.5","179.8","1"
"123","108.3","94","98","108.2","66.8","35.6","27.3","39.5","43","25.3","17.7","87.7","175.3","1"
"120.2","105.7","83.4","86.5","101.1","61.3","34.7","29.4","39.4","41.8","24","17.8","86.4","184.9","1"
"114","88.5","77","79","93","51.7","33.5","27.9","38.4","38.5","22.5","17.5","73.2","177.3","1"
"102.9","79.3","75.4","78","88.6","50","25.6","22.7","33.8","32.5","21.2","14.6","53.9","167.4","1"
"112.5","90.9","80.3","80.8","92.8","53.9","32.5","28","36.5","35","21","16.4","72","178.1","1"
"104.5","90.2","68","67","81.5","49.5","27","23.6","34","34.5","20.9","16","55.5","168.9","1"
"111.3","91.6","80.6","78","91.3","55","30.7","25.3","35.5","34","20.8","16.4","58.4","157.2","1"
"117.2","105.2","88.6","94.7","94.7","58.3","36.9","28.8","40.3","39.7","26.3","18.1","83.2","180.3","1"
"112.8","97","81.1","88.2","93.9","53.5","33.7","28.6","35","37.3","23.1","16.7","72.7","170.2","1"
"104.8","85.3","70.8","84.9","89.4","55.8","28.7","25.5","38.5","34.2","21.3","15.6","64.1","177.8","1"
"117.7","99.6","73.3","82.1","89.3","55.4","36.3","32.5","34.3","34.3","22.3","18.4","72.3","172.7","1"
"107.7","94.3","75.9","79.1","92.6","54.4","33.2","27.9","34.8","35.5","23","16.3","65","165.1","1"
"125.2","111.8","86.2","93.5","96.3","59.1","36.3","28","38.3","34.7","23","16.1","86.4","186.7","1"
"109.1","94.3","75","82.2","88","53.8","36.3","28.9","34.5","33.5","23","17.1","65","165.1","1"
"122.6","106.1","101","99.7","105.5","60.2","38.6","30.3","39.5","39.4","25.6","18.3","88.6","174","1"
"117.3","102","90","92.3","102.3","60","34.6","29.7","38.2","38.3","23.7","18","84.1","175.3","1"
"109.1","94.8","75","79.6","91.6","49.4","30","26.5","31.7","30.2","16.4","16.1","66.8","185.4","1"
"116.7","102.9","75.9","77","93.4","55","35.2","28.7","37","37.7","24.5","17.3","75.5","177.8","1"
"124.9","115.8","96","95.9","103.6","62.2","38.2","30.1","41.2","39.4","25.1","17.7","93.2","180.3","1"
"118.6","105.4","84","90.4","94.8","57.6","38.7","30.2","38.6","38.2","22.8","18.2","82.7","180.3","1"
"108.8","87.1","67.1","80.4","85.9","46.8","30.3","25.4","32.7","32.1","20","15.3","58","177.8","1"
"121.9","104.1","82.5","90.1","98.4","57.7","37.9","31.6","37.8","38.3","24.6","18.1","79.5","177.8","1"
"117.3","95.8","83.7","84.2","98.4","56.2","33.7","28","38","39.6","25.8","17.6","78.6","177.8","1"
"115","98.6","76.7","85.8","93.3","56","35.7","27.6","34.7","34.6","20.6","16","71.8","177.8","1"
"134.8","118.7","105.2","105","115.5","69.9","39.4","32.1","42.2","47.7","27","19.2","116.4","177.8","1"
"113.8","100.9","90.6","93.3","97.7","58","34.8","28","34.1","35.8","22.2","16.3","72.2","163.8","1"
"119.4","98.5","85.7","92.9","98.6","55.5","35.3","28.7","39.3","35.9","23","17.4","83.6","188","1"
"117.9","96.9","82.5","90.8","94.9","54.4","32.8","28.7","39.2","37","27.5","17.9","85.5","198.1","1"
"127.3","110.7","94.7","92","101.3","60.1","37.2","30.9","40.5","40","24.2","17.6","90.9","175.3","1"
"118.8","108","105.2","103.4","108.1","60.5","38","30.2","36.9","37.7","21.6","18.3","85.9","166.4","1"
"122.4","109","86","90.2","98","59.5","40","31.2","38.3","39","25.8","19.5","89.1","190.5","1"
"111.5","104.2","90.9","92.7","100.2","51.8","30.1","26.8","38.1","36.4","23.2","16.3","75","166.4","1"
"113.2","100.5","92.4","92.4","97","50.9","32.9","29","37.7","37.7","23.4","17","77.7","177.8","1"
"115.3","105.7","96.5","98.2","97.4","54.3","31.9","28.5","37.7","39.3","24.5","17.1","86.4","179.7","1"
"122.5","112.4","98.4","101.5","107.9","67.4","39.2","30.5","42.6","40.7","25.3","17.5","90.9","172.7","1"
"114.4","96.2","76.7","83.5","93.9","50.4","32.1","27.7","36.1","32.9","23.2","17","73.6","190.5","1"
"112.8","97.5","94.8","98.2","98.6","48.3","31.1","27","37.7","36.8","24.6","18.4","76.4","185.4","1"
"112.2","90.9","80.1","79.8","91.3","56.2","32.9","27.2","36.2","33","23","16.8","69.1","168.9","1"
"119.4","108.4","97.4","103.7","105.3","55.6","36.6","28.4","38.2","36.6","22.9","18.1","84.5","167.6","1"
"108.4","94.3","73.7","74.5","88.2","52.3","29.6","26.2","35.2","36.2","21.2","16.2","64.5","175.3","1"
"122.4","109.1","76.1","90.1","93.3","51.7","37","30.6","36.8","37.7","23.6","18.5","69.1","170.2","1"
"128.8","115","95.6","101.9","107.9","64.6","37.1","30","41.8","39.6","24.7","18.2","108.6","190.5","1"
"118","104.4","101","98.9","103.3","54.4","38.1","29.8","39.7","41.8","25","19.6","86.4","177.8","1"
"116.5","100.1","84.5","84.5","94.4","54.7","33.9","28.6","38.5","37.6","25","17.7","80.9","190.5","1"
"120.4","108.4","98","101.8","101.5","56.9","38.2","29.9","37.7","39.2","24.9","17.6","87.7","177.8","1"
"123.1","107.3","101.6","103.8","110","57.8","34.9","28.9","40.3","40","23.7","18.1","94.5","184.2","1"
"117.2","101.8","87.8","90.2","98.4","55.6","33.1","28.4","38.2","37.7","24.5","17.1","80.2","176.5","1"
"113","94.5","80","85","95","52","31.5","26.5","36.9","36.4","22.9","17","72","177.8","1"
"109.4","91.7","81.8","82.9","98.3","56.3","31","25.7","35","33","22","15.5","71.4","180.3","1"
"105.7","95.9","84.4","86.8","99","55","30.5","26.4","36.1","38.4","21.3","16.4","72.7","171.4","1"
"119.7","110.5","85","83.5","95.7","59","39.2","29.9","37.9","37.7","23.8","17.1","84.1","172.7","1"
"118","104","90","86","96","52.5","33.5","29.1","36","36.9","23","18","76.8","172.7","1"
"104.3","86.8","72.9","73.4","89.5","51","29.8","24.8","32.6","33.1","22.1","16.3","63.6","177.8","1"
"114.1","106.7","81","80.2","93.7","54.8","35.5","30.6","36.9","37.3","22.7","16.8","80.9","177.8","1"
"119","102.5","86.5","89","97","57","34","28.4","38","37","22.5","17.4","80.9","182.9","1"
"113.8","103","93.9","98.6","103.6","60.5","34.4","28.5","40.9","40.8","24.6","17.1","85.5","170.2","1"
"118","95","77","78","93","52","32.6","28.4","34.4","34.4","20","16.5","68.6","167.6","1"
"116","99","75","75","90","50.6","32","27.3","33.8","34","22","17","67.7","175.3","1"
"108.3","89.7","80.6","80.8","90","55.5","28.9","25","34.6","37.4","23","16.4","66.4","165.1","1"
"129.2","111.5","100.5","107.3","109.5","61.8","37.4","31.6","41","39.7","25.4","18.4","102.3","185.4","1"
"109.2","94.1","81.2","84","91.6","51.5","33","27","35.2","35.5","23.1","16.3","70.5","181.6","1"
"124.3","118.3","103.4","106.2","108.5","60.5","35.4","29.7","42.3","40.8","24.8","17.1","95.9","172.7","1"
"122.6","106.5","90.3","101.1","101.6","57.2","35.4","28.6","40.4","37.8","24.9","17.9","84.1","190.5","1"
"122.4","110.4","98","98","99.6","56.7","36.4","29.2","40.9","42.1","26.1","19.5","87.3","179.1","1"
"114.9","102.3","86.5","87.7","91.9","55","35","28.9","38.3","37.8","24","17.3","71.8","175.3","1"
"111.1","98.5","77.9","87.3","90.8","50.8","35","28.4","35.5","35","21","16.6","65.9","170.2","1"
"126","111.6","89.1","95.1","104.8","62.7","37.9","31.2","41.1","41.2","27.7","18.1","95.9","193","1"
"115.5","106.7","93.9","111.8","111.4","62.8","36.2","29.7","42.8","39.3","23.5","16.8","91.4","171.4","1"
"124.7","110.4","85.3","82.9","96.5","57","39","29.8","36.8","36","21.6","17.3","81.8","177.8","1"
"125.3","114","98.5","103.8","108.1","61.3","37.2","31.4","41.9","42.1","26.4","17.9","96.8","177.8","1"
"118.2","101.8","79.5","90.1","95.3","54.8","34.2","28.5","36.6","36.2","22.8","17.3","69.1","167.6","1"
"124.3","109.6","94.9","94.7","104.3","59","35.9","27.8","37.7","36.8","23.2","16.5","82.7","167.6","1"
"118.3","100.7","76.5","87.2","96.3","54.2","33.8","27.7","36.4","38.2","23.8","18.2","75.5","180.3","1"
"122.3","104.3","88.4","89.6","98.8","54.8","35.5","29.7","37.7","37","23.7","18.3","79.5","182.9","1"
"116.5","104.2","84.2","84","93.2","55","33","25.4","35.6","36.4","22.8","15.9","73.6","176.5","1"
"123","107.4","87.6","89.4","106.7","60.9","38.3","31.2","39","42.6","25.8","18.8","91.8","186.7","1"
"117.6","101","83.7","91.1","99.9","56.8","33.5","27.7","38.7","41.8","29.3","18","84.1","188","1"
"117.5","103","92.1","91.3","103.8","56.6","33.3","27.7","37.1","37.4","22.6","17.1","85.9","188","1"
"117.3","107.2","89.9","94.7","107.1","59.2","35.3","26.9","36.6","32.3","22","17.1","81.8","177.8","1"
"114.5","99","88.7","91","100","57.5","34","28.3","40.9","38.8","26.4","18.1","82.5","174","1"
"122.9","100.3","83.9","89.4","103.9","59.8","36.1","29.4","37","36.5","24.3","18.7","80.5","177.8","1"
"115.5","100.2","79.5","88.7","95.3","52.5","34.6","25.8","35.6","35.1","21.8","16.3","70","171.4","1"
"116.1","99.8","84.5","92.6","99.5","59.2","34.3","29","36.5","38.5","24.5","17.3","81.8","185.4","1"
"121.6","107.5","89.2","88.4","107","56.9","35.6","28.5","37","37.6","23","17.5","84.1","185.4","1"
"131.6","110.1","90.7","91.9","101.7","58","36.8","29","36.9","38.9","24.2","17.9","90.5","188","1"
"124.5","107","88.8","97.5","103.8","61","36.7","28.6","38.4","39.5","24.4","16.8","91.4","188","1"
"115.6","105.6","103.6","100.7","100.6","55.3","33.6","26.9","37.8","37.9","23.9","17.1","89.1","182.9","1"
"117","103.6","98.5","99.9","103.6","57.5","33.7","29","38.7","36.7","24.3","17.7","85","176.5","1"
"108.6","97.1","82.9","88.1","91.2","51.7","30.7","25.7","33.9","33.4","21.2","16.7","69.1","175.3","1"
"120.2","109.8","90.5","92.3","95.2","52.4","35.8","28.7","32.5","36.5","23.7","17.5","73.6","175.3","1"
"116.2","103.3","84.5","94.5","98.2","53.7","32.5","27.8","36","36.3","22","17.7","80.5","188","1"
"115.4","103.7","86","93.8","97.1","53.1","33.9","27.3","35.7","36.6","22.6","17.5","82.7","188","1"
"120","108.5","84.2","88.9","97.5","58.8","36.6","29.9","34.2","34.8","22","18.1","86.4","175.3","1"
"110.3","97.8","85.7","89.5","94.9","51.7","32.2","26.4","34.4","32.6","22","16.4","67.7","170.5","1"
"119.7","112.7","112.1","105.9","106.3","56.9","35.7","27.8","37.3","36.6","22.7","16.4","92.7","179.1","1"
"123.5","111.4","99.7","102.9","105.8","57.8","36.5","30.5","39","41.2","25.7","18.8","93.6","177.8","1"
"107.8","95.1","84.7","92.9","96.7","54.6","32.8","25.3","36.6","35","23.5","17.1","70.9","175.3","1"
"118.7","100.2","80.3","92.4","96.4","53.8","35.7","29.2","38.4","37","25.6","17.9","75","182.9","1"
"120.7","106.3","98.6","111.7","118.7","70","37.1","27.8","37.5","39.2","25.7","15.9","93.2","170.8","1"
"118.7","109.5","90","96.2","104.3","63.5","39.4","29.9","37.4","37.3","24.3","17.2","93.2","188","1"
"118","106.3","86.6","93.9","95.9","53.6","34.4","28.6","35","34.1","21.7","17.1","77.7","180.3","1"
"105","91.5","80.2","85.7","89.2","48.5","28.7","25","35.4","32.3","23","16.2","61.4","177.8","1"
"110.6","104.9","109.2","104.4","101.7","56.4","34","29.2","39.3","38.5","24.3","17.4","94.1","185.4","1"
"123.1","109.6","88.4","92","95.1","52.5","39.4","29.8","34.5","34","22","17","75","168.9","1"
"121","102.5","81","84.5","105","56","31.5","26.5","38.5","36.9","21.3","16.6","83.6","185.4","1"
"111.7","101.2","88.8","90.8","101.3","62.5","35.2","28.9","40.6","39.2","23","17.5","85.5","180.3","1"
"111","98.7","78.1","78.6","92","56.5","35.7","29.2","36.4","37","22","17.2","73.9","174","1"
"112","96","81.5","80.5","89.5","52","30.3","25","36","35","22.4","16.7","66.8","167.6","1"
"115.9","104.2","87.6","89.6","100.5","60.7","36.5","31.1","40.7","38.4","22.9","17.9","87.3","182.9","1"
"121","103","92.5","88.5","94","55","36","28","36.5","37","21.8","17.5","72.3","160","1"
"123.6","107","97","95.5","104.5","56.6","34.4","28.9","40","38.5","24","17","88.6","180.3","1"
"120","101","82","82","98","59","35.4","29","38","42","23.6","17.5","75.5","167.6","1"
"128.7","112.1","99.5","97.8","107.4","60.5","35.5","28.8","42.9","38.7","25.7","17.1","101.4","186.7","1"
"124.5","103.4","93.8","92.7","112.2","66.2","34.8","30.1","45.7","43.6","26.9","17","91.1","175.3","1"
"112.4","100.3","79.1","80.4","94.3","51","32.6","27.2","36.1","32.7","22.5","17.9","67.3","175.3","1"
"112.2","95.7","85.8","94.7","106.8","60.6","33.6","27.3","37.5","41.8","26.2","17.8","77.7","175.9","1"
"127","108","90.8","92.4","100.3","56.5","36.8","29.3","37.5","36.3","23.4","16.7","81.8","175.3","1"
"115.3","101","85.4","86.9","101.8","57","34","27.1","39.4","37.1","23.7","16.6","75.5","179.1","1"
"111.5","98.6","91.6","102.1","106.7","57.8","32.3","27.9","41.8","41.5","27.7","18.1","84.5","181.6","1"
"118.3","101.6","79.7","82","98.4","58.1","36.5","31","38","38.1","25.3","17.7","76.6","177.8","1"
"118","99","86.1","90.8","101.3","56","33.5","28.3","37.7","38.3","25.2","17.4","85","182.9","1"
"127","116.7","113.2","102.9","107.9","57.7","37.4","28.9","37.8","37.4","24.1","17.1","102.5","177.8","1"
"124.4","105","79.5","85.8","92.7","51.8","36.2","27","33.9","28.9","20.3","15.8","77.3","184.2","1"
"112.4","95.1","85.4","84.1","94.3","52.7","31.2","25.9","37.4","34.4","24.5","17.1","71.8","179.1","1"
"125.8","106.7","97.9","94.7","104.6","60.8","36.2","28.7","37.7","39.4","22.6","17.5","87.9","176.5","1"
"131.7","116.6","94.7","93.1","103.3","58","42.3","31.9","39.9","39.6","25.5","18.9","94.3","188","1"
"117.3","103.5","86.1","90.5","96.7","55.2","34.5","27.7","37.3","34.8","22.5","16.4","70.9","174","1"
"107.6","90.4","84.9","83.7","97.9","51.8","28","25.2","37.5","36","21.3","15.1","64.5","167.6","1"
"122.4","107.5","92.2","88.6","97.5","53.7","34.3","27.6","36","37.5","23.3","16.7","77.3","170.2","1"
"117","100.8","83.7","82.5","97.7","53.3","32.5","27.1","35.4","37","22.7","16.6","72.3","167.6","1"
"119","104.2","97.8","93.6","102.5","58","35.8","29.4","39","38.1","23","17","87.3","188","1"
"123.5","104.9","98.6","99.2","103.3","55.3","35","29.3","35.9","36","23.5","18.1","80","174","1"
"121.4","112.8","89.5","96.9","100.9","54.9","38.5","28.7","35.9","33.6","22.1","17.1","82.3","176.5","1"
"112.3","95.7","82.9","89.6","94.8","51.9","32.2","25.3","33.4","32.8","21.4","16.3","73.6","180.3","1"
"113.2","104.9","90.1","90.8","96.6","55","32.9","26.5","35.6","37.9","22.5","17.8","74.1","167.6","1"
"121.7","109.1","78.9","91","98.1","55.7","38.5","30.1","37.2","36.8","23.4","19.6","85.9","188","1"
"116.6","105.4","80.7","87.4","95.5","56.8","38.3","28.6","35","34.3","23.3","17.3","73.2","180.3","1"
"117.8","104.3","94.3","99.4","100.4","59.1","35","26.7","35.5","35.9","22.6","17.3","76.3","167.6","1"
"118","100.5","70.2","79.3","92","51.7","32.1","26.7","33.2","34.9","23.7","18.4","65.9","183","1"
"131.1","111.8","83.6","92.7","101.5","59.5","40.4","31.7","36.7","38.3","25.5","19.4","90.9","183","1"
"121.4","109.5","91.9","96.5","103.3","57.7","36.5","29.1","34.6","38.8","25.1","18.9","89.1","179.1","1"
"116.3","101.2","71.8","82.3","87.6","50.1","34.2","29.2","34.1","33.4","23.1","18.3","62.3","170.2","1"
"121.8","103.3","85","90.8","97.9","55.2","35.2","29.4","34.9","37.3","23.5","17.3","82.7","177.8","1"
"118.2","101.6","85.7","91","95.9","50.9","34","28.4","35","34.3","21.1","16.3","79.1","179.1","1"
"126.3","103.1","96.5","99","111.8","62.3","34.8","27.5","41.7","37","24.3","16.7","98.2","190.5","1"
"121","104.6","82.4","85.7","99.9","63.3","38.6","32","38.4","39.8","25.4","18.1","84.1","177.8","1"
"123.1","104.3","86.3","87.8","103.3","59.7","36.4","30.4","39.3","42","27.7","18.4","83.2","180.3","1"
"114.9","95.9","83.2","88","100.6","57.8","34","28.2","36.3","39.6","25.2","17","83.2","180.3","1"
"95","83","66.5","79","92","53.5","24.3","20.5","32","32.2","21","13.5","51.6","161.2","0"
"99.5","78.5","61.5","70.5","90.5","57.7","27.8","24","38.5","38.5","22.5","15","59","167.5","0"
"88","75","61.2","66.5","91","53","24","22","32.5","32.5","19","14","49.2","159.5","0"
"97","86.5","78","91","99.5","61.5","28","24","35.2","36.7","23","15","63","157","0"
"103.3","91","70.5","80.5","91.5","55","26.9","22.7","33","33.3","19.9","14.5","53.6","155.8","0"
"93.5","79.5","66.5","78.5","94","54","26.5","22.5","34","35","23","14.5","59","170","0"
"93.3","77","58","64","85.5","49.5","24.1","22","32.5","32","19","13.9","47.6","159.1","0"
"94.5","88","74.5","87","104","64","29.2","26.2","38.5","38","22","16.8","69.8","166","0"
"98.6","85","73.5","92","104.1","65.3","29","23.4","35.3","37.4","21.6","15.2","66.8","176.2","0"
"115.5","98.8","90.5","103.5","108.1","61.1","33.6","26.6","37.2","35.8","22.6","16.3","75.2","160.2","0"
"97.9","79","66.5","74","90.3","52","24.8","21","32.2","32.5","19.9","13.8","55.2","172.5","0"
"97.7","77.6","61","71.8","91.6","53","25.4","22.6","34","34.5","20.5","15.3","54.2","170.9","0"
"100.5","85","69.5","81.5","94.4","55.8","25.9","22.9","36.1","35.3","20.9","14.4","62.5","172.9","0"
"88.7","76.7","62","74.1","80.9","48.8","24","20.5","30.8","30.4","17.9","13.2","42","153.4","0"
"96.6","76.7","63.4","69","87.7","54","25.6","21.6","34.4","32.8","19.1","13.8","50","160","0"
"92","82","71","69","88.5","54.5","26","21.8","33.5","35","21","14","49.8","147.2","0"
"90","79","59","79","88.5","51.2","23.5","21","32.5","29.6","18.5","14.5","49.2","168.2","0"
"104","89.5","74","92","101","61.5","31","26.5","38.6","38.6","23.8","17","73.2","175","0"
"90.1","73.5","60.5","68.3","88.5","54","24.6","20.6","29","33","19","13.2","47.8","157","0"
"104","90","75","80.5","99","59","28.7","24.9","37","36.5","20.6","15.9","68.8","167.6","0"
"91","80","65","78.3","91","53.5","27","23","32","31.5","22","13.8","50.6","159.5","0"
"111.4","94.5","82.2","94.2","110.2","69","32.5","26.8","40.5","38.6","23","16.6","82.5","175","0"
"96.2","83.8","70.2","82.5","94.2","54.1","25.9","23.2","34.3","30.9","19.4","14.5","57.2","166.8","0"
"117.1","95.2","85","91.2","111","68","34.4","28.3","40.1","40","24.2","17.6","87.8","176.5","0"
"101.5","91","75","85","103","62","31.5","26.5","38.2","40","23","16","72.8","170.2","0"
"95.1","80","63","76.5","90","51.1","24.6","22.3","35.2","33.7","20.9","15.2","54.5","174","0"
"97.1","81.7","70","81.5","96","57.9","26.3","22.6","37.2","36","21","15","59.8","173","0"
"101.4","89.6","72.6","86.3","93.7","56.4","27.4","23.4","37","38.4","21.3","15.6","67.3","179.9","0"
"103.7","90.9","78.7","83.5","101.5","59.9","29.5","25.3","35.4","36.7","21.3","15.6","67.8","170.5","0"
"89.2","78.5","61","73","82.5","49.5","24.5","22.5","32.5","33","20.5","14.5","47","160","0"
"86","78","64.2","69.8","89","53","23.2","21.2","33","31.5","20.5","14","46.2","154.4","0"
"98.1","80.2","63.1","78.9","93.9","57.1","26.4","23.1","35","35","20.1","14.9","55","162","0"
"114","99","85","92.5","106.4","65.6","31.6","26.6","39.6","38.9","23.3","15.9","83","176.5","0"
"95","80","66","78","92","52.5","25","22.2","33","34.8","20.5","14.4","54.4","160","0"
"87","75.5","65","76.7","86","51","24.5","20.5","31.5","31","20","14","45.8","152","0"
"100.8","82.6","63.2","70.5","89.1","55.8","27","23.6","33.6","33.4","20","15.6","53.6","162.1","0"
"112.2","94.5","83.6","94.2","104.1","61.5","31","25.4","37.2","35.2","22.3","16.1","73.2","170","0"
"98.7","83.9","68","76.1","88","52.2","26.2","23.2","33.2","35.3","21.2","14.6","52.1","160.2","0"
"100.1","92.8","75.7","88.6","102.6","64.3","31","24.9","35.5","38","21.5","15.3","67.9","161.3","0"
"100.3","85.3","65.5","74.4","95.9","53.7","27.8","23.9","35.6","33.4","21.9","15.2","56.6","166.4","0"
"100.5","84.4","66.9","79.7","98.8","59.2","28.5","23.7","35.9","34.6","20","15.1","62.3","168.9","0"
"101.2","87.6","67.9","82.7","93.5","57","29.6","24.5","37.1","36.3","20.6","15.2","58.5","163.8","0"
"96","81","67.8","73","92.9","55.8","26.3","23","32.3","30","18.8","14.3","54.5","167.6","0"
"92.8","84.1","63.2","75","86.9","52.1","26.5","23.5","32.3","31.6","18.9","15","50.2","160","0"
"95.5","88.2","73.1","80","94.9","57.2","27","24.3","34.9","35.7","22","15.1","60.3","161.3","0"
"98.7","88.1","65.3","75.8","95.3","55.7","27.7","24.5","33.1","35.4","21.2","15.7","58.3","167.6","0"
"96.9","84.9","65.6","75.5","93.3","57.4","27.7","24.2","35.1","35.6","21","14.7","56.2","165.1","0"
"91","81.2","62.7","75.4","90","54","25.3","22.7","32.6","32.9","19.8","13.8","50.2","160","0"
"106.3","91.6","81.8","96.5","99.3","60.7","28.3","25.2","35","36.3","21.4","15.3","72.9","170","0"
"99.8","88.4","72.1","87.3","95.6","59.2","29","24.8","34.3","37.1","21.9","14.3","59.8","157.5","0"
"105","87.6","68.6","80.7","95.8","56.6","28.5","24.1","35.6","34","20.7","15.5","61","167.6","0"
"106.2","91.3","80","97.9","104.6","62.7","30","23.1","36.3","36","21","14.6","69.1","160.7","0"
"97.7","87.2","64.9","75.9","92.2","53.1","28","24.2","34","35.4","20.7","15.5","55.9","163.2","0"
"97.4","82.2","61.7","66","80.7","50.3","23.7","21.6","30.5","33.8","20.7","14.6","46.5","152.4","0"
"96.3","82.1","64","73.6","98.1","56.8","25.8","23.9","33.7","34","20.3","14.6","54.3","157.5","0"
"98","82.6","58.6","73","89.6","54.9","27.1","23.1","33.2","35.8","20.7","14.4","54.8","168.3","0"
"94.5","86.5","68.3","89.2","94","57","26","22.6","35.9","32.5","19.7","14.6","60.7","180.3","0"
"101.4","85.3","69.5","74.9","94.7","55.7","24.9","22.8","34.9","37.1","20.1","14.9","60","165.5","0"
"95.1","84.7","70.5","86.1","94.1","54.6","28","23","33.5","33.5","20","14.6","62","165","0"
"101.1","86.8","69.8","76.5","93.7","55.7","25.4","23.4","35.9","34.2","21.5","15.1","60.3","164.5","0"
"97.4","85.2","69","76.3","86.7","51.5","26.6","22.7","31.6","33.3","19.6","15.3","52.7","156","0"
"104.8","93.9","81","93.2","105.9","65.5","31.3","26.8","38.1","37.7","21.7","15.9","74.3","160","0"
"94.5","84.5","71","80.5","97.5","59.5","28","23","34","34.2","20.6","15","62","163","0"
"103.2","90.7","73.6","79.8","105.3","65.8","29.5","26.6","38.8","39.7","24.3","15.9","73.1","165.7","0"
"110.8","97.4","96.3","104.2","102.6","57.5","34.3","26.5","38.3","41.1","22.9","16.4","80","161","0"
"94.6","83.3","65","68.2","91.6","55.3","27.7","23.2","33","31.5","18.9","14.1","54.7","162","0"
"96.6","82.1","62.8","70.6","83.9","51.5","24.6","21.4","34","34.8","20.9","14.3","53.2","166","0"
"102.8","92.2","83","101.4","108.1","65","29.8","24.6","38.1","37.8","20.7","16.6","75.7","174","0"
"96.9","83.6","67.6","86.2","99.1","57.5","26.4","23.3","38.5","35","22.1","15.6","61.1","172.7","0"
"95.6","82.6","65.4","74.8","89.3","53.7","26.4","23.8","34","33.7","19.1","14.7","55.7","167.6","0"
"92.4","77","61.6","74","89.9","53.6","26.3","23.1","33.3","32.4","19","14.2","48.7","151.1","0"
"93.7","79.3","63.2","75.5","85.8","51.6","24.2","22.4","32.5","31.3","18.4","14.7","52.3","164.5","0"
"96.1","84.3","59.4","74","85.8","51","26.9","23","32.8","32.1","19.7","15","50","163.5","0"
"100.1","85.6","62.7","74","96","61.5","28","23.6","35.4","38.5","21.3","15.4","59.3","152","0"
"98.8","85","66.6","82","98.7","60.3","30.4","25.2","35.7","38.2","21.8","15.9","62.5","169","0"
"92.2","79.1","64.6","82.5","94.9","54","24.7","21.7","37.4","35.5","21","15","55.7","164","0"
"97.3","85","65.7","77.7","90.5","56.1","29.4","23.1","33.2","34.4","20.3","14.4","54.8","161.2","0"
"90.5","79","63","79.2","86.6","48.5","26.4","22.5","32.2","30.3","20.2","15","45.9","155","0"
"110.5","96.2","78.5","93.4","103","59.6","30.2","25.9","37","35.2","23.2","16.2","70.6","170","0"
"103","86","68.2","76.2","97.9","59.8","29.8","25","36.8","38.1","21.8","16.2","67.2","176.2","0"
"109","89.8","68.5","80.2","98.1","62","30.1","26.2","40.9","40.4","23.3","16.4","69.4","170","0"
"104.8","84.5","68.8","70.6","94.8","56.5","27","23.4","34.4","35.2","21.6","14.6","58.2","162.5","0"
"109.2","88.2","69","77.6","96.5","57.6","28.6","25.2","37","35","22.2","16.2","64.8","170.3","0"
"117","99.5","78","87.5","103","64.8","31.1","26.6","35.2","36.7","21.8","16.2","71.6","164.1","0"
"93.9","76.1","62","70.8","86.8","52.6","24.3","22.3","34.2","34.8","20.2","14.4","52.8","169.5","0"
"105.5","85.8","65.8","70.5","89.3","57.4","27","23.2","36.8","36.2","22.1","15.8","59.8","163.2","0"
"99.4","82","65","77.2","89.5","53.4","26","21.4","34","33.9","21.4","14.4","49","154.5","0"
"89.5","77.5","64.9","74.5","88.4","53.4","25.6","22.4","30.9","32.6","19.1","14","50","159.8","0"
"98.5","85.7","71.5","82","100.5","60.4","28","24.2","36.6","36.4","21.8","15.6","69.2","173.2","0"
"94.9","78.8","61.4","78.8","94","56.4","27.1","22.8","35.4","34.8","21","15","55.9","170","0"
"96.3","88","75.4","90","101.3","63.1","28.4","22.6","37.6","34.3","21.7","14.8","63.4","161.4","0"
"96.8","80.2","67.2","78.3","95.5","54.7","27","22.2","36","35.4","22.2","15.6","58.2","169","0"
"102.5","85.6","69.5","75.5","95.3","57.6","28.5","24.4","35.2","35.4","21.8","15.4","58.6","166.2","0"
"95.2","81.3","57.9","66.4","84.1","49","26.6","22.2","33.6","33","19.6","14","45.7","159.4","0"
"103","84.6","64.4","77.9","91","53.4","26.6","23.3","32.7","33","19.4","14.2","52.2","162.5","0"
"99.1","82.2","62.3","68.7","83.9","52.8","24.4","22.1","32.4","32.5","21","14.8","48.6","159","0"
"104.1","84.9","68.7","78.6","93.1","55.2","28.2","23.8","34.6","34.3","21.5","15","57.8","162.8","0"
"99.5","81.5","68","84.6","92.3","55.4","27.4","23","34.5","35.3","21.6","15.6","55.6","159","0"
"110.2","89.9","66","79.9","97.1","59","27","24.2","37.2","39","23.2","16.2","66.8","179.8","0"
"107.1","89.8","71.2","85.7","97.5","58.2","28.2","25.2","34.2","34","20.4","15.4","59.4","162.9","0"
"95.7","80.8","64.8","79.8","92","57.4","26.5","22.6","31","35.2","20.4","14.4","53.6","161","0"
"103.4","88.4","78","85.6","112.1","75.7","33.8","24.6","38.2","39.8","22","14.4","73.2","151.1","0"
"94.6","80.2","60.7","77","89.9","53.3","25.2","22.4","34.2","32.2","19","14.6","53.4","168.2","0"
"104.5","89.5","75","95","104.9","63.2","29.6","23.9","37.6","36.6","22","15.1","69","168.9","0"
"97.7","83.7","68.6","83","94.2","58","26.2","22.1","32.2","35.9","19.9","14.6","58.4","173.2","0"
"96.4","82.5","67.1","75","90.4","53.2","27.3","23.6","35.9","36.6","23.8","15.3","56.2","171.8","0"
"103","85.5","68","84.5","99.5","60.8","26.5","24.2","40.5","39.4","23.2","15.8","70.6","178","0"
"103.4","88.3","71","87.1","98.7","59.2","28.2","23.6","35.6","35.8","20.8","15.5","59.8","164.3","0"
"109.5","91.5","76","82.5","103.5","64.8","29.5","25.2","39.2","37","21.8","15.8","72","163","0"
"110.7","92.2","70.3","82.8","100","59.6","30.8","25.4","37","37","23","16","65.2","168.5","0"
"102.2","80.5","69.5","81","95.2","56.2","27.4","23.8","35.4","34","21.3","15.2","56.6","166.8","0"
"129.5","108","101.5","105.5","114","70","40.3","30.8","45.6","45","25.8","18.2","105.2","172.7","0"
"99.2","80","67.2","75.2","91.2","53.6","27.1","23.2","34.6","34.2","20.3","14.2","51.8","163.5","0"
"104.7","89.5","68.7","81","93.8","58","30","24.4","35.9","37.4","22","16","63.4","169.4","0"
"98.9","84.9","66","81","92","56.2","26.4","22.6","35.4","35.6","21","14.5","59","167.8","0"
"98.5","80.8","67.5","75.4","85.8","53.8","24.8","21.5","33","33","20","14","47.6","159.5","0"
"102.2","81","65.2","75.9","95.4","58.5","27.2","25.3","37.5","38.4","23.2","15.8","63","167.6","0"
"100.2","88.7","64.2","76.8","88.4","56","29","23.8","33.9","33.2","20.5","15","55.2","161.2","0"
"85.9","74.5","61","65.3","84.5","51.5","22.4","19.6","30.4","28.4","17.4","13.2","45","160","0"
"99.8","81.9","60.2","64.2","91.7","53.3","26","23.2","36","35.8","21.2","15.2","54","163.2","0"
"93.3","75.8","62.6","72.9","87.4","54","26.4","21.8","34.5","33","20.7","14.4","50.2","162.2","0"
"107.3","88","72.7","76.7","95.9","56.6","29.5","25.3","36.8","37.6","22.4","16.6","60.2","161.3","0"
"90","72.6","58.5","67.2","84.3","52.2","25","20.7","31.7","32","20.1","13.1","44.8","149.5","0"
"101.5","88","67.5","79.5","96.5","56.3","28.4","24.6","35.6","33.5","21.8","16","58.8","157.5","0"
"105.1","86","66.1","73.2","91.8","54.4","27.4","23.8","35","33","20.2","14.9","56.4","163.2","0"
"101","85.5","68","86.1","101","59.6","28","23.3","36.1","35.1","21.6","15.6","62","172.7","0"
"91.9","80.4","64","85","92.6","54.8","25.6","20.7","32.7","31.5","18.9","13.4","49.2","155","0"
"112.1","98.1","90.1","90.1","95.2","53.8","32.1","25.8","34.7","37.2","21.5","15.8","67.2","156.5","0"
"98.2","82","64.1","74.1","96","53.7","26.6","23.2","35.2","35","21","14.8","53.8","164","0"
"102.5","89","72.4","80.3","89.9","52.6","27.6","23.8","33.2","34.4","21.3","14.6","54.4","160.9","0"
"98.4","85.8","71","85","92.7","57.3","28.4","23.6","34.2","34","19.8","13.8","58","162.8","0"
"96.8","85.9","69.1","77.2","94.1","56.2","28.9","23.1","35","34.4","20","15","59.8","167","0"
"103.9","82.5","66.1","74.9","93.8","54.2","27.8","24","35.3","33.7","22","14.6","54.8","160","0"
"92.7","74.5","59.5","65.5","78.8","46.3","23.2","20.8","31.6","29.6","18.6","13.8","43.2","160","0"
"105","89.4","71.5","80.6","96","56.9","26.8","22","33.8","33.5","21.1","15.3","60.5","168.9","0"
"94","80.3","65","73.3","84.9","50.8","25","22.2","31.6","31.6","18.8","14.2","46.4","158.2","0"
"101.5","85.6","71.5","82","97.5","63","28.4","23.5","39.1","38.2","20.4","14.4","64.4","156","0"
"92","83","63","72","86","53","24.1","22","30","31.2","20.4","14.4","48.8","160","0"
"108.5","88.2","70","81.2","96.8","59.8","30.1","25.2","35.8","35","21.7","16","62.2","167.1","0"
"93.8","85.5","70.4","82.4","93.5","57.5","28.3","21.9","33.1","32.8","19","13.9","55.5","158","0"
"99.8","80.6","64.3","75","93","55.6","28.2","23.8","35.6","35.5","22","15.5","57.8","167.6","0"
"100.3","81","66","73.2","90.2","54.8","26.8","23.8","34.7","34.5","21.4","15.2","54.6","156","0"
"101.5","83.6","70.5","78.5","91.9","56.8","30.5","24.3","35.8","36.9","20.4","15.7","59.2","162.1","0"
"94.7","79.4","62","73","88.5","53.6","24.7","22.4","33.5","33","19.4","14.5","52.7","173.4","0"
"103.1","82.9","67.6","73.9","90.2","56.4","30.2","24.2","34.1","33.8","20.6","14.8","53.2","159.8","0"
"94.5","83.2","65","80.9","97.6","62.2","27.2","22.8","38.6","37.4","20.6","14.8","64.5","170.5","0"
"97.1","78.1","64","75.9","95","55.9","25.2","23","32.3","34.8","20.3","13.4","51.8","159.2","0"
"98","82.4","70.5","81.6","98","61.4","27.2","23.2","35.6","30.5","20.1","14.6","56","157.5","0"
"102.4","90","79.2","95.2","97.4","61.7","27.8","23.4","36","35.7","23.8","14.1","63.6","161.3","0"
"109.1","92.4","71.1","91.5","98.2","55.3","29.6","24.6","34.3","36.6","20.7","15.6","63.2","162.6","0"
"94.7","86.7","74.7","90.8","100","59.4","31","23.7","35.7","34","20.9","14.2","59.5","160","0"
"98.2","84","62.9","76.8","95.5","52.8","26.4","23.1","34.6","32.3","20.4","14.7","56.8","168.9","0"
"101.5","86","70.6","91.9","101.9","62","29.1","24.2","37.2","33.1","19.9","15","64.1","165.1","0"
"96.6","84.5","61.6","81","87.6","51.6","27.4","23.7","32.4","32.9","20.3","14.6","50","162.6","0"
"106.1","91.2","74.2","98.2","102.6","61.5","31.4","25","37.6","41.9","24.3","15.4","72.3","165.1","0"
"100.1","81.1","65.5","82.3","90.4","53.3","26.8","22.3","34.2","33.4","21.5","14.5","55","166.4","0"
"105.3","87.6","67.7","84.2","92","54.3","28.2","23.8","33","32.7","18.8","14.7","55.9","160","0"
"99.8","88.2","72.9","97.4","102.2","60.1","29.9","24.1","33.8","33.5","21","15.1","60.4","152.4","0"
"103.9","88.2","72.1","96.3","106.7","62","27.3","23.1","34.6","35.6","23.5","14.7","69.1","170.2","0"
"111","104.2","93.4","111.1","109.8","67.7","35.7","28.6","41.5","38.6","22.3","17.3","84.5","162.6","0"
"99","84.8","60.7","78","89.1","52.6","26.6","22.8","32.5","34.6","21.2","14.1","55.9","170.2","0"
"102.5","84.3","69.2","85.3","93","53.9","27.9","23.7","35.5","33.1","21.9","15.1","55.5","158.8","0"
"105.6","91","75.5","90.7","98.6","62.7","31.5","24.8","37.2","35.4","20.3","14.6","69.5","172.7","0"
"99.5","90.5","85.6","111.7","112.1","64.3","31.3","25","35.5","38","21","14.6","76.4","167.6","0"
"106.5","89.6","71.6","92.7","95","56.8","27.2","24.3","36.2","35.8","20.1","14.6","61.4","162.6","0"
"104.1","89.3","75.5","98.9","100.2","57.8","30.3","23.8","37.3","37","22.5","15.1","65.9","167.6","0"
"99.7","90","73.7","92.7","101.2","57.4","28.1","23.3","33.9","33.3","21.2","14.9","58.6","156.2","0"
"106.6","88.2","67.9","86.9","100.8","60.2","31","26.6","36.6","38.5","22.2","16","66.8","175.2","0"
"97.2","83.5","71.2","83","96.5","52.4","25.2","21.7","33.7","32.1","21","15","56.6","172.1","0"
"100.8","91","69.3","85.9","93.2","55.4","29.7","24.1","34.8","34.6","21.5","14.6","58.6","162.6","0"
"100.7","88.2","75.6","94.7","95.8","58.5","30","22.2","34.6","32.6","19.9","13.7","55.9","160","0"
"99.1","82.2","63.8","81.8","97.6","59","27.8","23.6","35.9","35.5","22.6","15.4","59.1","165.1","0"
"108.9","98.9","83.6","108.6","108.3","63","31.9","26","38.1","36.4","24.5","16","81.8","182.9","0"
"109.8","97.9","84.9","98","102.4","59.9","32","25.7","37.6","33.7","21.6","15.5","70.7","166.4","0"
"99.5","81.7","66","85","94.3","56.4","28","21.1","32.1","34.3","21","14.4","56.8","165.1","0"
"100.5","86.1","68.3","85.3","96.5","55.1","26","22.6","33.9","33.7","21.8","15","60","177.8","0"
"97.4","87.1","63.8","88.3","94","56.1","28.1","24","33.1","35.2","22.1","16","58.2","165.1","0"
"105","76.8","73.6","106.3","106.2","61.7","31.4","26.2","39.6","39.1","24.8","16.2","72.7","175.3","0"
"102.9","87.9","76.3","93.8","98.6","55.5","31.2","23","32.3","31.3","20.3","15.1","54.1","154.9","0"
"93.9","81.6","58.8","77.4","89.3","51.6","25.4","22.4","33.8","32.4","21","14.8","49.1","158.8","0"
"114.2","92.3","78","100.9","106.9","65.5","31.7","26.3","38.5","39.7","22.8","15.6","75.9","172.7","0"
"95.9","81.3","64.5","80.8","91.9","53.4","25.1","23.1","34.6","32.7","21.4","14.6","55","168.9","0"
"98.7","82.2","65.8","80.2","89.1","55.4","28.4","22.9","33.6","35","19.7","14.8","57.3","161.3","0"
"91.2","78.6","62.5","84.5","95.5","57.3","27.4","22.4","35.1","35.7","20.4","14.8","55","167.6","0"
"105.1","94.3","77.5","93.9","101.1","61.6","28.3","23","36.5","34.6","21.9","14.7","65.5","165.1","0"
"102.3","89.5","70","89.6","98.9","55","29.3","25","35.6","36.6","22.5","16.4","65.5","175.3","0"
"93.1","81","59.4","73.7","83.3","50.2","26.9","22.5","31.7","30.7","20.5","15.2","48.6","157.5","0"
"101.7","85.4","68.3","84","94","57.3","29.8","24.7","32.7","34.3","21.7","15.4","58.6","163.8","0"
"105","86.2","77.9","96","100.1","60.7","28.4","24.3","34.7","34.5","20.9","14.9","63.6","167.6","0"
"96.4","85.3","68.3","88","93.8","54.7","27.7","24.4","32.7","33","19.6","14.9","55.2","165.1","0"
"103.5","86.1","72","91.9","103.9","57.5","27.4","22.4","36.3","37.9","23.4","14.5","62.7","165.1","0"
"99.8","84.5","62.7","78.3","93.5","52.5","24.2","23.3","32.8","36.1","22","14.8","56.6","168.9","0"
"87","72.6","58","82.9","90.2","52.5","23.1","21","35.5","36.4","20.3","13","53.9","162.6","0"
"105.2","90","72.7","97.2","100.2","57.9","30.5","23.7","36.3","34.3","20.5","14.8","63.2","164.5","0"
"102.1","95.8","85.4","105.2","109.5","68.3","29.7","24.5","40.3","37","22.4","15.3","73.6","176.5","0"
"101.3","85.5","67.3","86.9","97.6","58.8","27.2","22.6","38.3","35.6","21","14.6","62","168.9","0"
"99.6","85.7","70.8","92.1","96.9","57.9","29.3","24.2","36.5","35.3","20.3","15.4","63.6","175.3","0"
"99.4","85.4","67.4","85.9","90.3","54.7","26.9","22.3","32.8","29.5","18.7","13.7","53.2","159.4","0"
"99.4","79.1","66","85","94.8","57.4","26.8","22.9","32.2","32.6","19.2","14.6","53.4","160","0"
"99","84.4","63.6","84.9","92.7","54.4","26.7","23.7","33.5","33.6","20.2","14.6","55","170.2","0"
"108.2","90","71.7","95.8","108.4","68.5","28.7","25.9","40.5","39.5","23.3","15.6","70.5","162.6","0"
"96.4","82.9","73.6","86.9","94.7","52.9","25","21","31.6","30.2","19.3","13.6","54.5","167.6","0"
"101.4","87.3","66.9","83.3","90.6","54.4","28.9","23.8","33.9","33.9","20.8","15.5","54.5","162.6","0"
"98.2","85.3","65.5","76.7","90.8","56.4","27.3","24.3","33.1","35","20.7","14.2","55.9","160.7","0"
"100.6","87.3","70.4","91.1","96.7","55.6","29.9","23.7","35.3","33.8","23","16.3","59","160","0"
"108.4","93.2","80.3","98","101.2","61.2","31","23.6","34.6","35.6","20","14.3","63.6","157.5","0"
"100.8","84.7","65","84.5","94.7","54.8","28.9","24.4","34.7","34.8","22.5","15.3","54.5","162.6","0"
"94.8","78","60.4","79.2","87","49.5","26.8","22.7","33.2","31.5","18.8","14.7","47.3","152.4","0"
"108.2","90.7","75.3","96.3","103.6","59.9","31.5","25.4","35.7","35.8","21.1","16.3","67.7","170.2","0"
"110.7","95","83.4","100.5","107.5","67.4","34.2","28.3","40.9","41.2","23.4","15.6","80.9","165.1","0"
"102.6","88.7","72.2","87.8","96.1","61.1","29.5","24.6","39.1","38.7","26","15.5","70.5","172.7","0"
"98.1","86.6","70.1","86.2","97.6","55.6","27.6","23.7","34.9","32","21.1","15.3","60.9","165.1","0"
"92","82.5","69.8","86.4","100.2","59","26.7","23.3","33.5","33.1","19.6","14.2","63.6","170.2","0"
"98.6","81.4","66.4","78.5","91.6","54.6","24.2","21.2","33","34.3","20.2","15","54.5","170.2","0"
"96.1","79.9","61.7","79.7","94.7","56.5","25.5","23.2","36.7","36.2","22","14.8","59.1","170.2","0"
"107.7","91.1","76.4","98.3","107","64.5","32.8","24.8","36.5","36.2","23.9","15.5","70.5","161.3","0"
"95.4","80.1","63.8","72.5","86.3","51.5","24.4","22","32","32.6","21","14","52.7","167.6","0"
"99.3","86.4","70.2","86.7","97.8","58.5","28.3","24.9","35.5","36.3","21.4","15.3","62.7","167.6","0"
"115.2","105.2","88.2","106.5","107.9","63.1","30.3","25.2","39.2","38.4","23.1","16.4","86.3","165.1","0"
"96.7","91.1","75.8","94.4","103.3","60.5","30.4","24.8","36.8","35.9","21.8","15.5","66.4","162.6","0"
"109","96.7","81.5","94.1","94.9","54.8","31.2","25.8","34.4","37.3","21.8","14.6","67.3","152.4","0"
"95.1","80.5","67.4","77.7","95.1","56.3","27","24.3","36.2","36.7","23.7","15.9","63","168.9","0"
"108.4","90.4","78.3","95.4","104.9","63.1","32.8","27","39.4","39.1","23","16.5","73.6","170.2","0"
"98.2","84.1","65.9","83.7","96.3","57","26.6","23.7","35.6","34","21.7","15.1","62.3","175.2","0"
"99.7","84.2","62.4","81.4","90.4","53.2","25.8","23","34.5","31","19.2","14.7","57.7","175.2","0"
"94.4","82.5","65.6","81.8","92.8","56.2","28.8","24.7","33","34.6","21.7","15.8","55.4","160","0"
"127.1","106.9","96.2","121.1","128.3","72.3","35.9","30.6","49","45.4","24.1","17.8","104.1","165.1","0"
"94.9","79.9","62.5","74","87.6","51.6","25.7","21.9","31.7","34.7","18.5","13.9","55.5","174","0"
"98.9","93","80.5","98.8","107.2","63","34.1","27.6","38.8","38.2","22.2","16.3","77.3","170.2","0"
"106.4","96.3","86.1","107.4","112","69.4","31.7","25.5","39.4","38.7","23.7","16.3","80.5","160","0"
"102.2","86.8","71.3","85.7","94","59.2","31.1","24.4","35.9","34.4","21.2","14.2","64.5","167.6","0"
"110.3","95.3","79.4","90.9","102.7","63","29.9","24.9","38.7","36.3","21.3","15.5","72.3","167.6","0"
"107.3","93","72.3","89","92","54.7","28.8","23.2","35","34.2","20.5","14.8","61.4","167.6","0"
"95","86.4","67.4","86.7","98.4","59.1","29.3","23.1","35.6","37.4","22.5","14.4","58.2","154.9","0"
"115.6","109","94.2","110.5","103.5","57.8","35.7","25.6","34.8","35.5","19.5","15","81.8","162.6","0"
"99.3","86.2","67","85.3","96.7","56.2","27","22.3","37","33","21.6","15","63.6","175.3","0"
"93.1","85.3","69.5","86.2","90.6","51.7","24.4","22.1","33.9","30.8","19.9","14.1","53.4","171.4","0"
"94.9","84.2","66.4","79.3","92","53.4","24.9","22.3","32.5","31.7","21.7","13.4","54.5","157.5","0"
"100","83.7","67.6","84.1","90.4","52.4","25.6","23","34.5","32.5","21.7","14.6","53.6","165.1","0"
"98.6","86.5","66.6","87.5","96.7","59.3","27.3","24","36","34.9","21.4","14.6","60","160","0"
"107.2","98.2","69.7","86","94.9","59.1","29.9","25","37.7","37.7","23.7","16.2","73.6","174","0"
"98.3","88","72","86","95.5","57.3","27.6","23.3","35.2","31.9","19.6","15.4","61.4","162.6","0"
"92.4","80.4","64.5","81.7","88.4","52.4","25.5","23","34.5","32.7","20.3","14.9","55.5","174","0"
"93","86","72.3","91.7","97.8","59.1","31","26.3","39.9","39.7","21.6","15.4","63.6","162.6","0"
"99.5","86.4","69.1","87.8","95.4","59.5","28.3","24.7","35.6","34.6","23","16.6","60.9","161.3","0"
"92.8","87.6","74.7","77","97.7","57","28.1","23.1","34.4","32.7","20.9","15.2","60","156.2","0"
"95.9","80.9","60.8","77.4","84.6","51","26.8","22.8","34.4","33.1","21","15.4","46.8","149.9","0"
"96.1","82.1","66.9","82.4","91.6","53.4","26.2","22.6","35","35.2","22.4","15.2","57.3","169.5","0"
"98.5","89.3","68.8","90.8","103.3","63","29.6","25.1","34.4","35","21","15.9","64.1","160","0"
"103.8","85.3","63.7","85.3","96.3","55.5","26.4","23","36.5","34.1","21.3","15","63.6","175.3","0"
"105","89","71.2","86.1","93.5","56.1","30.2","24.4","37","37.5","22.6","15.7","67.3","169.5","0"
"100.2","94.1","79.6","103.5","104.3","66.5","36.9","29","40.3","37.9","24.6","16.4","75.5","160","0"
"99.1","90.8","77.9","90.6","96.3","56.2","28.1","24.3","38.2","36.6","22.3","15.4","68.2","172.7","0"
"107.6","97","69.6","90.2","98.3","56.3","32","25.1","32.3","33.8","20.8","15.9","61.4","162.6","0"
"104","95.4","86","107.1","112.1","64.4","32.3","26.4","35.7","37","21.4","15.8","76.8","157.5","0"
"108.4","91.8","69.9","90.4","101","60.6","30.3","25.4","37.7","37.9","22.4","15.4","71.8","176.5","0"
"99.3","87.3","63.5","79.2","89.5","55.2","30.1","23.6","35.6","33.3","22.4","15.2","55.5","164.4","0"
"91.9","78.1","57.9","75.1","86.9","51.8","27.4","24","34.4","34.1","21.2","15.5","48.6","160.7","0"
"107.1","90.9","72.2","89.4","98.6","59","30.6","24.9","38.4","36.6","22","15.5","66.4","174","0"
"100.5","97.1","80.4","100.8","102.2","57.4","33.2","25.5","39.6","35.9","23","16.4","67.3","163.8","0"
